Date,Content
2023-12-30,https://boxd.it/5qnePR
2024-01-04,https://boxd.it/5u8cvV
2024-02-02,https://boxd.it/5JDQ0v
2024-02-02,https://boxd.it/5Jliy3
2024-02-05,https://boxd.it/5KQMcd
2024-02-07,https://boxd.it/5MlKLL
2024-02-19,https://boxd.it/5QKvS9
2024-02-21,https://boxd.it/5Sm7dL
2024-04-16,https://boxd.it/6gulsn
2024-05-05,https://boxd.it/6pruJ3
2024-05-15,https://boxd.it/6pV40L
2024-05-20,https://boxd.it/6uH8rt
2024-06-13,https://boxd.it/6FeJnz
2024-07-02,https://boxd.it/6LZBT1
2024-07-11,https://boxd.it/6QKVHT
2024-07-14,https://boxd.it/6RQxKv
2024-07-29,https://boxd.it/6YIUCB
